<stg><name>admul</name>


<trans_list>

<trans id="21" from="1" to="2">
<condition id="-1">
<or_exp><and_exp></and_exp></or_exp>
</condition>
</trans>

<trans id="22" from="2" to="3">
<condition id="-1">
<or_exp><and_exp></and_exp></or_exp>
</condition>
</trans>
</trans_list>



<state_list>

<state id="1" st_id="1">

<operation id="4" st_id="1" stage="1" lat="1">
<core>s_axilite</core>
<MemPortIdVec></MemPortIdVec>
<condition id="-1">
<or_exp><and_exp></and_exp></or_exp>
</condition>

<Node id="10" bw="32" op_0_bw="32" op_1_bw="32">
<![CDATA[
:5  %b_read = call i32 @_ssdm_op_Read.s_axilite.i32(i32 %b) nounwind

]]></Node>
<StgValue><ssdm name="b_read"/></StgValue>
</operation>

<operation id="5" st_id="1" stage="1" lat="1">
<core>s_axilite</core>
<MemPortIdVec></MemPortIdVec>
<condition id="-1">
<or_exp><and_exp></and_exp></or_exp>
</condition>

<Node id="11" bw="32" op_0_bw="32" op_1_bw="32">
<![CDATA[
:6  %a_read = call i32 @_ssdm_op_Read.s_axilite.i32(i32 %a) nounwind

]]></Node>
<StgValue><ssdm name="a_read"/></StgValue>
</operation>
</state>

<state id="2" st_id="2">

<operation id="6" st_id="2" stage="1" lat="1">
<core>AddSub</core>
<MemPortIdVec></MemPortIdVec>
<condition id="-1">
<or_exp><and_exp></and_exp></or_exp>
</condition>

<Node id="17" bw="32" op_0_bw="32" op_1_bw="32">
<![CDATA[
:12  %add_ln8 = add nsw i32 %b_read, %a_read

]]></Node>
<StgValue><ssdm name="add_ln8"/></StgValue>
</operation>

<operation id="7" st_id="2" stage="1" lat="1">
<core>Mul</core>
<MemPortIdVec></MemPortIdVec>
<condition id="-1">
<or_exp><and_exp></and_exp></or_exp>
</condition>

<Node id="19" bw="32" op_0_bw="32" op_1_bw="32">
<![CDATA[
:14  %mul_ln9 = mul nsw i32 %b_read, %a_read

]]></Node>
<StgValue><ssdm name="mul_ln9"/></StgValue>
</operation>
</state>

<state id="3" st_id="3">

<operation id="8" st_id="3" stage="1" lat="1">
<core>NULL</core>
<MemPortIdVec></MemPortIdVec>
<condition id="-1">
<or_exp><and_exp></and_exp></or_exp>
</condition>

<Node id="5" bw="0" op_0_bw="0" op_1_bw="32">
<![CDATA[
:0  call void (...)* @_ssdm_op_SpecBitsMap(i32 %a) nounwind, !map !7

]]></Node>
<StgValue><ssdm name="specbitsmap_ln0"/></StgValue>
</operation>

<operation id="9" st_id="3" stage="1" lat="1">
<core>NULL</core>
<MemPortIdVec></MemPortIdVec>
<condition id="-1">
<or_exp><and_exp></and_exp></or_exp>
</condition>

<Node id="6" bw="0" op_0_bw="0" op_1_bw="32">
<![CDATA[
:1  call void (...)* @_ssdm_op_SpecBitsMap(i32 %b) nounwind, !map !13

]]></Node>
<StgValue><ssdm name="specbitsmap_ln0"/></StgValue>
</operation>

<operation id="10" st_id="3" stage="1" lat="1">
<core>NULL</core>
<MemPortIdVec></MemPortIdVec>
<condition id="-1">
<or_exp><and_exp></and_exp></or_exp>
</condition>

<Node id="7" bw="0" op_0_bw="0" op_1_bw="32">
<![CDATA[
:2  call void (...)* @_ssdm_op_SpecBitsMap(i32* %c) nounwind, !map !17

]]></Node>
<StgValue><ssdm name="specbitsmap_ln0"/></StgValue>
</operation>

<operation id="11" st_id="3" stage="1" lat="1">
<core>NULL</core>
<MemPortIdVec></MemPortIdVec>
<condition id="-1">
<or_exp><and_exp></and_exp></or_exp>
</condition>

<Node id="8" bw="0" op_0_bw="0" op_1_bw="32">
<![CDATA[
:3  call void (...)* @_ssdm_op_SpecBitsMap(i32* %m) nounwind, !map !23

]]></Node>
<StgValue><ssdm name="specbitsmap_ln0"/></StgValue>
</operation>

<operation id="12" st_id="3" stage="1" lat="1">
<core>NULL</core>
<MemPortIdVec></MemPortIdVec>
<condition id="-1">
<or_exp><and_exp></and_exp></or_exp>
</condition>

<Node id="9" bw="0" op_0_bw="0" op_1_bw="0">
<![CDATA[
:4  call void (...)* @_ssdm_op_SpecTopModule([6 x i8]* @admul_str) nounwind

]]></Node>
<StgValue><ssdm name="spectopmodule_ln0"/></StgValue>
</operation>

<operation id="13" st_id="3" stage="1" lat="1">
<core>NULL</core>
<MemPortIdVec></MemPortIdVec>
<condition id="-1">
<or_exp><and_exp></and_exp></or_exp>
</condition>

<Node id="12" bw="0" op_0_bw="0" op_1_bw="32" op_2_bw="0" op_3_bw="32" op_4_bw="32" op_5_bw="0" op_6_bw="32" op_7_bw="32" op_8_bw="0" op_9_bw="0" op_10_bw="0" op_11_bw="32" op_12_bw="32" op_13_bw="32" op_14_bw="32" op_15_bw="0" op_16_bw="0">
<![CDATA[
:7  call void (...)* @_ssdm_op_SpecInterface(i32 0, [13 x i8]* @p_str, i32 0, i32 0, [1 x i8]* @p_str1, i32 0, i32 0, [1 x i8]* @p_str1, [1 x i8]* @p_str1, [1 x i8]* @p_str1, i32 0, i32 0, i32 0, i32 0, [1 x i8]* @p_str1, [1 x i8]* @p_str1) nounwind

]]></Node>
<StgValue><ssdm name="specinterface_ln3"/></StgValue>
</operation>

<operation id="14" st_id="3" stage="1" lat="1">
<core>NULL</core>
<MemPortIdVec></MemPortIdVec>
<condition id="-1">
<or_exp><and_exp></and_exp></or_exp>
</condition>

<Node id="13" bw="0" op_0_bw="0" op_1_bw="32" op_2_bw="0" op_3_bw="32" op_4_bw="32" op_5_bw="0" op_6_bw="32" op_7_bw="32" op_8_bw="0" op_9_bw="0" op_10_bw="0" op_11_bw="32" op_12_bw="32" op_13_bw="32" op_14_bw="32" op_15_bw="0" op_16_bw="0">
<![CDATA[
:8  call void (...)* @_ssdm_op_SpecInterface(i32 %a, [10 x i8]* @p_str2, i32 0, i32 0, [1 x i8]* @p_str1, i32 0, i32 0, [1 x i8]* @p_str1, [1 x i8]* @p_str1, [1 x i8]* @p_str1, i32 0, i32 0, i32 0, i32 0, [1 x i8]* @p_str1, [1 x i8]* @p_str1) nounwind

]]></Node>
<StgValue><ssdm name="specinterface_ln4"/></StgValue>
</operation>

<operation id="15" st_id="3" stage="1" lat="1">
<core>NULL</core>
<MemPortIdVec></MemPortIdVec>
<condition id="-1">
<or_exp><and_exp></and_exp></or_exp>
</condition>

<Node id="14" bw="0" op_0_bw="0" op_1_bw="32" op_2_bw="0" op_3_bw="32" op_4_bw="32" op_5_bw="0" op_6_bw="32" op_7_bw="32" op_8_bw="0" op_9_bw="0" op_10_bw="0" op_11_bw="32" op_12_bw="32" op_13_bw="32" op_14_bw="32" op_15_bw="0" op_16_bw="0">
<![CDATA[
:9  call void (...)* @_ssdm_op_SpecInterface(i32 %b, [10 x i8]* @p_str2, i32 0, i32 0, [1 x i8]* @p_str1, i32 0, i32 0, [1 x i8]* @p_str1, [1 x i8]* @p_str1, [1 x i8]* @p_str1, i32 0, i32 0, i32 0, i32 0, [1 x i8]* @p_str1, [1 x i8]* @p_str1) nounwind

]]></Node>
<StgValue><ssdm name="specinterface_ln5"/></StgValue>
</operation>

<operation id="16" st_id="3" stage="1" lat="1">
<core>NULL</core>
<MemPortIdVec></MemPortIdVec>
<condition id="-1">
<or_exp><and_exp></and_exp></or_exp>
</condition>

<Node id="15" bw="0" op_0_bw="0" op_1_bw="32" op_2_bw="0" op_3_bw="32" op_4_bw="32" op_5_bw="0" op_6_bw="32" op_7_bw="32" op_8_bw="0" op_9_bw="0" op_10_bw="0" op_11_bw="32" op_12_bw="32" op_13_bw="32" op_14_bw="32" op_15_bw="0" op_16_bw="0">
<![CDATA[
:10  call void (...)* @_ssdm_op_SpecInterface(i32* %c, [10 x i8]* @p_str2, i32 0, i32 0, [1 x i8]* @p_str1, i32 0, i32 0, [1 x i8]* @p_str1, [1 x i8]* @p_str1, [1 x i8]* @p_str1, i32 0, i32 0, i32 0, i32 0, [1 x i8]* @p_str1, [1 x i8]* @p_str1) nounwind

]]></Node>
<StgValue><ssdm name="specinterface_ln6"/></StgValue>
</operation>

<operation id="17" st_id="3" stage="1" lat="1">
<core>NULL</core>
<MemPortIdVec></MemPortIdVec>
<condition id="-1">
<or_exp><and_exp></and_exp></or_exp>
</condition>

<Node id="16" bw="0" op_0_bw="0" op_1_bw="32" op_2_bw="0" op_3_bw="32" op_4_bw="32" op_5_bw="0" op_6_bw="32" op_7_bw="32" op_8_bw="0" op_9_bw="0" op_10_bw="0" op_11_bw="32" op_12_bw="32" op_13_bw="32" op_14_bw="32" op_15_bw="0" op_16_bw="0">
<![CDATA[
:11  call void (...)* @_ssdm_op_SpecInterface(i32* %m, [10 x i8]* @p_str2, i32 0, i32 0, [1 x i8]* @p_str1, i32 0, i32 0, [1 x i8]* @p_str1, [1 x i8]* @p_str1, [1 x i8]* @p_str1, i32 0, i32 0, i32 0, i32 0, [1 x i8]* @p_str1, [1 x i8]* @p_str1) nounwind

]]></Node>
<StgValue><ssdm name="specinterface_ln7"/></StgValue>
</operation>

<operation id="18" st_id="3" stage="1" lat="1">
<core>s_axilite</core>
<MemPortIdVec></MemPortIdVec>
<condition id="-1">
<or_exp><and_exp></and_exp></or_exp>
</condition>

<Node id="18" bw="0" op_0_bw="0" op_1_bw="32" op_2_bw="32">
<![CDATA[
:13  call void @_ssdm_op_Write.s_axilite.i32P(i32* %c, i32 %add_ln8) nounwind

]]></Node>
<StgValue><ssdm name="write_ln8"/></StgValue>
</operation>

<operation id="19" st_id="3" stage="1" lat="1">
<core>s_axilite</core>
<MemPortIdVec></MemPortIdVec>
<condition id="-1">
<or_exp><and_exp></and_exp></or_exp>
</condition>

<Node id="20" bw="0" op_0_bw="0" op_1_bw="32" op_2_bw="32">
<![CDATA[
:15  call void @_ssdm_op_Write.s_axilite.i32P(i32* %m, i32 %mul_ln9) nounwind

]]></Node>
<StgValue><ssdm name="write_ln9"/></StgValue>
</operation>

<operation id="20" st_id="3" stage="1" lat="1">
<core>NULL</core>
<MemPortIdVec></MemPortIdVec>
<condition id="-1">
<or_exp><and_exp></and_exp></or_exp>
</condition>

<Node id="21" bw="0">
<![CDATA[
:16  ret void

]]></Node>
<StgValue><ssdm name="ret_ln10"/></StgValue>
</operation>
</state>
</state_list>


<ports>
<port id="23" name="a" dir="0" iftype="0">
<core>NULL</core><StgValue><ssdm name="a"/></StgValue>
</port>
<port id="24" name="b" dir="0" iftype="0">
<core>NULL</core><StgValue><ssdm name="b"/></StgValue>
</port>
<port id="25" name="c" dir="1" iftype="0">
<core>NULL</core><StgValue><ssdm name="c"/></StgValue>
</port>
<port id="26" name="m" dir="1" iftype="0">
<core>NULL</core><StgValue><ssdm name="m"/></StgValue>
</port>
</ports>


<dataflows>
<dataflow id="28" from="_ssdm_op_Read.s_axilite.i32" to="b_read" fromId="27" toId="4">
</dataflow>
<dataflow id="29" from="b" to="b_read" fromId="24" toId="4">
</dataflow>
<dataflow id="30" from="_ssdm_op_Read.s_axilite.i32" to="a_read" fromId="27" toId="5">
</dataflow>
<dataflow id="31" from="a" to="a_read" fromId="23" toId="5">
</dataflow>
<dataflow id="32" from="b_read" to="add_ln8" fromId="4" toId="6">
</dataflow>
<dataflow id="33" from="a_read" to="add_ln8" fromId="5" toId="6">
</dataflow>
<dataflow id="34" from="b_read" to="mul_ln9" fromId="4" toId="7">
</dataflow>
<dataflow id="35" from="a_read" to="mul_ln9" fromId="5" toId="7">
</dataflow>
<dataflow id="37" from="_ssdm_op_SpecBitsMap" to="specbitsmap_ln0" fromId="36" toId="8">
</dataflow>
<dataflow id="38" from="a" to="specbitsmap_ln0" fromId="23" toId="8">
</dataflow>
<dataflow id="39" from="_ssdm_op_SpecBitsMap" to="specbitsmap_ln0" fromId="36" toId="9">
</dataflow>
<dataflow id="40" from="b" to="specbitsmap_ln0" fromId="24" toId="9">
</dataflow>
<dataflow id="41" from="_ssdm_op_SpecBitsMap" to="specbitsmap_ln0" fromId="36" toId="10">
</dataflow>
<dataflow id="42" from="c" to="specbitsmap_ln0" fromId="25" toId="10">
</dataflow>
<dataflow id="43" from="_ssdm_op_SpecBitsMap" to="specbitsmap_ln0" fromId="36" toId="11">
</dataflow>
<dataflow id="44" from="m" to="specbitsmap_ln0" fromId="26" toId="11">
</dataflow>
<dataflow id="46" from="_ssdm_op_SpecTopModule" to="spectopmodule_ln0" fromId="45" toId="12">
</dataflow>
<dataflow id="48" from="admul_str" to="spectopmodule_ln0" fromId="47" toId="12">
</dataflow>
<dataflow id="50" from="_ssdm_op_SpecInterface" to="specinterface_ln3" fromId="49" toId="13">
</dataflow>
<dataflow id="52" from="StgValue_51" to="specinterface_ln3" fromId="51" toId="13">
</dataflow>
<dataflow id="54" from="p_str" to="specinterface_ln3" fromId="53" toId="13">
</dataflow>
<dataflow id="55" from="StgValue_51" to="specinterface_ln3" fromId="51" toId="13">
</dataflow>
<dataflow id="56" from="StgValue_51" to="specinterface_ln3" fromId="51" toId="13">
</dataflow>
<dataflow id="58" from="p_str1" to="specinterface_ln3" fromId="57" toId="13">
</dataflow>
<dataflow id="59" from="StgValue_51" to="specinterface_ln3" fromId="51" toId="13">
</dataflow>
<dataflow id="60" from="StgValue_51" to="specinterface_ln3" fromId="51" toId="13">
</dataflow>
<dataflow id="61" from="p_str1" to="specinterface_ln3" fromId="57" toId="13">
</dataflow>
<dataflow id="62" from="p_str1" to="specinterface_ln3" fromId="57" toId="13">
</dataflow>
<dataflow id="63" from="p_str1" to="specinterface_ln3" fromId="57" toId="13">
</dataflow>
<dataflow id="64" from="StgValue_51" to="specinterface_ln3" fromId="51" toId="13">
</dataflow>
<dataflow id="65" from="StgValue_51" to="specinterface_ln3" fromId="51" toId="13">
</dataflow>
<dataflow id="66" from="StgValue_51" to="specinterface_ln3" fromId="51" toId="13">
</dataflow>
<dataflow id="67" from="StgValue_51" to="specinterface_ln3" fromId="51" toId="13">
</dataflow>
<dataflow id="68" from="p_str1" to="specinterface_ln3" fromId="57" toId="13">
</dataflow>
<dataflow id="69" from="p_str1" to="specinterface_ln3" fromId="57" toId="13">
</dataflow>
<dataflow id="70" from="_ssdm_op_SpecInterface" to="specinterface_ln4" fromId="49" toId="14">
</dataflow>
<dataflow id="71" from="a" to="specinterface_ln4" fromId="23" toId="14">
</dataflow>
<dataflow id="73" from="p_str2" to="specinterface_ln4" fromId="72" toId="14">
</dataflow>
<dataflow id="74" from="StgValue_51" to="specinterface_ln4" fromId="51" toId="14">
</dataflow>
<dataflow id="75" from="StgValue_51" to="specinterface_ln4" fromId="51" toId="14">
</dataflow>
<dataflow id="76" from="p_str1" to="specinterface_ln4" fromId="57" toId="14">
</dataflow>
<dataflow id="77" from="StgValue_51" to="specinterface_ln4" fromId="51" toId="14">
</dataflow>
<dataflow id="78" from="StgValue_51" to="specinterface_ln4" fromId="51" toId="14">
</dataflow>
<dataflow id="79" from="p_str1" to="specinterface_ln4" fromId="57" toId="14">
</dataflow>
<dataflow id="80" from="p_str1" to="specinterface_ln4" fromId="57" toId="14">
</dataflow>
<dataflow id="81" from="p_str1" to="specinterface_ln4" fromId="57" toId="14">
</dataflow>
<dataflow id="82" from="StgValue_51" to="specinterface_ln4" fromId="51" toId="14">
</dataflow>
<dataflow id="83" from="StgValue_51" to="specinterface_ln4" fromId="51" toId="14">
</dataflow>
<dataflow id="84" from="StgValue_51" to="specinterface_ln4" fromId="51" toId="14">
</dataflow>
<dataflow id="85" from="StgValue_51" to="specinterface_ln4" fromId="51" toId="14">
</dataflow>
<dataflow id="86" from="p_str1" to="specinterface_ln4" fromId="57" toId="14">
</dataflow>
<dataflow id="87" from="p_str1" to="specinterface_ln4" fromId="57" toId="14">
</dataflow>
<dataflow id="88" from="_ssdm_op_SpecInterface" to="specinterface_ln5" fromId="49" toId="15">
</dataflow>
<dataflow id="89" from="b" to="specinterface_ln5" fromId="24" toId="15">
</dataflow>
<dataflow id="90" from="p_str2" to="specinterface_ln5" fromId="72" toId="15">
</dataflow>
<dataflow id="91" from="StgValue_51" to="specinterface_ln5" fromId="51" toId="15">
</dataflow>
<dataflow id="92" from="StgValue_51" to="specinterface_ln5" fromId="51" toId="15">
</dataflow>
<dataflow id="93" from="p_str1" to="specinterface_ln5" fromId="57" toId="15">
</dataflow>
<dataflow id="94" from="StgValue_51" to="specinterface_ln5" fromId="51" toId="15">
</dataflow>
<dataflow id="95" from="StgValue_51" to="specinterface_ln5" fromId="51" toId="15">
</dataflow>
<dataflow id="96" from="p_str1" to="specinterface_ln5" fromId="57" toId="15">
</dataflow>
<dataflow id="97" from="p_str1" to="specinterface_ln5" fromId="57" toId="15">
</dataflow>
<dataflow id="98" from="p_str1" to="specinterface_ln5" fromId="57" toId="15">
</dataflow>
<dataflow id="99" from="StgValue_51" to="specinterface_ln5" fromId="51" toId="15">
</dataflow>
<dataflow id="100" from="StgValue_51" to="specinterface_ln5" fromId="51" toId="15">
</dataflow>
<dataflow id="101" from="StgValue_51" to="specinterface_ln5" fromId="51" toId="15">
</dataflow>
<dataflow id="102" from="StgValue_51" to="specinterface_ln5" fromId="51" toId="15">
</dataflow>
<dataflow id="103" from="p_str1" to="specinterface_ln5" fromId="57" toId="15">
</dataflow>
<dataflow id="104" from="p_str1" to="specinterface_ln5" fromId="57" toId="15">
</dataflow>
<dataflow id="105" from="_ssdm_op_SpecInterface" to="specinterface_ln6" fromId="49" toId="16">
</dataflow>
<dataflow id="106" from="c" to="specinterface_ln6" fromId="25" toId="16">
</dataflow>
<dataflow id="107" from="p_str2" to="specinterface_ln6" fromId="72" toId="16">
</dataflow>
<dataflow id="108" from="StgValue_51" to="specinterface_ln6" fromId="51" toId="16">
</dataflow>
<dataflow id="109" from="StgValue_51" to="specinterface_ln6" fromId="51" toId="16">
</dataflow>
<dataflow id="110" from="p_str1" to="specinterface_ln6" fromId="57" toId="16">
</dataflow>
<dataflow id="111" from="StgValue_51" to="specinterface_ln6" fromId="51" toId="16">
</dataflow>
<dataflow id="112" from="StgValue_51" to="specinterface_ln6" fromId="51" toId="16">
</dataflow>
<dataflow id="113" from="p_str1" to="specinterface_ln6" fromId="57" toId="16">
</dataflow>
<dataflow id="114" from="p_str1" to="specinterface_ln6" fromId="57" toId="16">
</dataflow>
<dataflow id="115" from="p_str1" to="specinterface_ln6" fromId="57" toId="16">
</dataflow>
<dataflow id="116" from="StgValue_51" to="specinterface_ln6" fromId="51" toId="16">
</dataflow>
<dataflow id="117" from="StgValue_51" to="specinterface_ln6" fromId="51" toId="16">
</dataflow>
<dataflow id="118" from="StgValue_51" to="specinterface_ln6" fromId="51" toId="16">
</dataflow>
<dataflow id="119" from="StgValue_51" to="specinterface_ln6" fromId="51" toId="16">
</dataflow>
<dataflow id="120" from="p_str1" to="specinterface_ln6" fromId="57" toId="16">
</dataflow>
<dataflow id="121" from="p_str1" to="specinterface_ln6" fromId="57" toId="16">
</dataflow>
<dataflow id="122" from="_ssdm_op_SpecInterface" to="specinterface_ln7" fromId="49" toId="17">
</dataflow>
<dataflow id="123" from="m" to="specinterface_ln7" fromId="26" toId="17">
</dataflow>
<dataflow id="124" from="p_str2" to="specinterface_ln7" fromId="72" toId="17">
</dataflow>
<dataflow id="125" from="StgValue_51" to="specinterface_ln7" fromId="51" toId="17">
</dataflow>
<dataflow id="126" from="StgValue_51" to="specinterface_ln7" fromId="51" toId="17">
</dataflow>
<dataflow id="127" from="p_str1" to="specinterface_ln7" fromId="57" toId="17">
</dataflow>
<dataflow id="128" from="StgValue_51" to="specinterface_ln7" fromId="51" toId="17">
</dataflow>
<dataflow id="129" from="StgValue_51" to="specinterface_ln7" fromId="51" toId="17">
</dataflow>
<dataflow id="130" from="p_str1" to="specinterface_ln7" fromId="57" toId="17">
</dataflow>
<dataflow id="131" from="p_str1" to="specinterface_ln7" fromId="57" toId="17">
</dataflow>
<dataflow id="132" from="p_str1" to="specinterface_ln7" fromId="57" toId="17">
</dataflow>
<dataflow id="133" from="StgValue_51" to="specinterface_ln7" fromId="51" toId="17">
</dataflow>
<dataflow id="134" from="StgValue_51" to="specinterface_ln7" fromId="51" toId="17">
</dataflow>
<dataflow id="135" from="StgValue_51" to="specinterface_ln7" fromId="51" toId="17">
</dataflow>
<dataflow id="136" from="StgValue_51" to="specinterface_ln7" fromId="51" toId="17">
</dataflow>
<dataflow id="137" from="p_str1" to="specinterface_ln7" fromId="57" toId="17">
</dataflow>
<dataflow id="138" from="p_str1" to="specinterface_ln7" fromId="57" toId="17">
</dataflow>
<dataflow id="140" from="_ssdm_op_Write.s_axilite.i32P" to="write_ln8" fromId="139" toId="18">
</dataflow>
<dataflow id="141" from="c" to="write_ln8" fromId="25" toId="18">
</dataflow>
<dataflow id="142" from="add_ln8" to="write_ln8" fromId="6" toId="18">
</dataflow>
<dataflow id="143" from="_ssdm_op_Write.s_axilite.i32P" to="write_ln9" fromId="139" toId="19">
</dataflow>
<dataflow id="144" from="m" to="write_ln9" fromId="26" toId="19">
</dataflow>
<dataflow id="145" from="mul_ln9" to="write_ln9" fromId="7" toId="19">
</dataflow>
</dataflows>


</stg>
