<?xml version="1.0" encoding="UTF-8"?>
<vivadoHLSLog:LogRoot xmlns:vivadoHLSLog="www.xilinx.com/vivadoHLSLog">
  <errorLogs>
    <logs>
      <synLog/>
      <simLog/>
      <mgLog/>
      <packageLog>
        <logs message="ERROR: [IMPL 213-28] Failed to generate IP.&#xD;&#xA;command 'ap_source' returned error code&#xD;&#xA;    while executing&#xD;&#xA;&quot;source D:/lab/add_pynq/add_pynq/solution1/export.tcl&quot;&#xD;&#xA;    invoked from within&#xD;&#xA;&quot;hls::main D:/lab/add_pynq/add_pynq/solution1/export.tcl&quot;&#xD;&#xA;    (&quot;uplevel&quot; body line 1)&#xD;&#xA;    invoked from within&#xD;&#xA;&quot;uplevel 1 hls::main {*}$args&quot;&#xD;&#xA;    (procedure &quot;hls_proc&quot; line 5)&#xD;&#xA;    invoked from within&#xD;&#xA;&quot;hls_proc $argv&quot;&#xD;&#xA;" projectName="add_pynq" solutionName="solution1" date="2022-02-16T15:30:08.435+0100"/>
        <logs message="ERROR: [IMPL 213-28] Failed to generate IP.&#xD;&#xA;command 'ap_source' returned error code&#xD;&#xA;    while executing&#xD;&#xA;&quot;source D:/lab/add_pynq/add_pynq/solution1/export.tcl&quot;&#xD;&#xA;    invoked from within&#xD;&#xA;&quot;hls::main D:/lab/add_pynq/add_pynq/solution1/export.tcl&quot;&#xD;&#xA;    (&quot;uplevel&quot; body line 1)&#xD;&#xA;    invoked from within&#xD;&#xA;&quot;uplevel 1 hls::main {*}$args&quot;&#xD;&#xA;    (procedure &quot;hls_proc&quot; line 5)&#xD;&#xA;    invoked from within&#xD;&#xA;&quot;hls_proc $argv&quot;&#xD;&#xA;" projectName="add_pynq" solutionName="solution1" date="2022-02-16T15:28:56.729+0100"/>
      </packageLog>
      <csimLog/>
    </logs>
  </errorLogs>
  <warningLogs>
    <logs>
      <synLog/>
      <simLog/>
      <mgLog/>
      <packageLog/>
      <csimLog/>
    </logs>
  </warningLogs>
</vivadoHLSLog:LogRoot>
