<profile>

<RTLDesignHierarchy>
<TopModule>
<ModuleName>add</ModuleName>
</TopModule>
</RTLDesignHierarchy>

<ModuleInformation>
<Module>
<Name>add</Name>
<PerformanceEstimates>
<SummaryOfTimingAnalysis>
<TargetClockPeriod>10.00</TargetClockPeriod>
<ClockUncertainty>1.25</ClockUncertainty>
<EstimatedClockPeriod>4.552</EstimatedClockPeriod>
</SummaryOfTimingAnalysis>
<SummaryOfOverallLatency>
<Best-caseLatency>0</Best-caseLatency>
<Average-caseLatency>0</Average-caseLatency>
<Worst-caseLatency>0</Worst-caseLatency>
<PipelineInitiationInterval>1</PipelineInitiationInterval>
<PipelineType>none</PipelineType>
</SummaryOfOverallLatency>
</PerformanceEstimates>
<AreaEstimates>
<Resources>
<BRAM_18K>0</BRAM_18K>
<FF>144</FF>
<LUT>271</LUT>
<DSP48E>0</DSP48E>
<URAM>0</URAM>
</Resources>
</AreaEstimates>
<InterfaceSummary>
<RtlPorts>
<name>s_axi_AXILiteS_AWVALID</name>
<Object>AXILiteS</Object>
<Type>pointer</Type>
<Scope></Scope>
<IOProtocol>s_axi</IOProtocol>
<IOConfig></IOConfig>
<Dir>in</Dir>
<Bits>1</Bits>
<Attribute>unknown</Attribute>
<CType>int</CType>
<HasCtrl>0</HasCtrl>
</RtlPorts>
<RtlPorts>
<name>s_axi_AXILiteS_AWREADY</name>
<Object>AXILiteS</Object>
<Type>pointer</Type>
<Scope></Scope>
<IOProtocol>s_axi</IOProtocol>
<IOConfig></IOConfig>
<Dir>out</Dir>
<Bits>1</Bits>
<Attribute>unknown</Attribute>
<CType>int</CType>
<HasCtrl>0</HasCtrl>
</RtlPorts>
<RtlPorts>
<name>s_axi_AXILiteS_AWADDR</name>
<Object>AXILiteS</Object>
<Type>pointer</Type>
<Scope></Scope>
<IOProtocol>s_axi</IOProtocol>
<IOConfig></IOConfig>
<Dir>in</Dir>
<Bits>6</Bits>
<Attribute>unknown</Attribute>
<CType>int</CType>
<HasCtrl>0</HasCtrl>
</RtlPorts>
<RtlPorts>
<name>s_axi_AXILiteS_WVALID</name>
<Object>AXILiteS</Object>
<Type>pointer</Type>
<Scope></Scope>
<IOProtocol>s_axi</IOProtocol>
<IOConfig></IOConfig>
<Dir>in</Dir>
<Bits>1</Bits>
<Attribute>unknown</Attribute>
<CType>int</CType>
<HasCtrl>0</HasCtrl>
</RtlPorts>
<RtlPorts>
<name>s_axi_AXILiteS_WREADY</name>
<Object>AXILiteS</Object>
<Type>pointer</Type>
<Scope></Scope>
<IOProtocol>s_axi</IOProtocol>
<IOConfig></IOConfig>
<Dir>out</Dir>
<Bits>1</Bits>
<Attribute>unknown</Attribute>
<CType>int</CType>
<HasCtrl>0</HasCtrl>
</RtlPorts>
<RtlPorts>
<name>s_axi_AXILiteS_WDATA</name>
<Object>AXILiteS</Object>
<Type>pointer</Type>
<Scope></Scope>
<IOProtocol>s_axi</IOProtocol>
<IOConfig></IOConfig>
<Dir>in</Dir>
<Bits>32</Bits>
<Attribute>unknown</Attribute>
<CType>int</CType>
<HasCtrl>0</HasCtrl>
</RtlPorts>
<RtlPorts>
<name>s_axi_AXILiteS_WSTRB</name>
<Object>AXILiteS</Object>
<Type>pointer</Type>
<Scope></Scope>
<IOProtocol>s_axi</IOProtocol>
<IOConfig></IOConfig>
<Dir>in</Dir>
<Bits>4</Bits>
<Attribute>unknown</Attribute>
<CType>int</CType>
<HasCtrl>0</HasCtrl>
</RtlPorts>
<RtlPorts>
<name>s_axi_AXILiteS_ARVALID</name>
<Object>AXILiteS</Object>
<Type>pointer</Type>
<Scope></Scope>
<IOProtocol>s_axi</IOProtocol>
<IOConfig></IOConfig>
<Dir>in</Dir>
<Bits>1</Bits>
<Attribute>unknown</Attribute>
<CType>int</CType>
<HasCtrl>0</HasCtrl>
</RtlPorts>
<RtlPorts>
<name>s_axi_AXILiteS_ARREADY</name>
<Object>AXILiteS</Object>
<Type>pointer</Type>
<Scope></Scope>
<IOProtocol>s_axi</IOProtocol>
<IOConfig></IOConfig>
<Dir>out</Dir>
<Bits>1</Bits>
<Attribute>unknown</Attribute>
<CType>int</CType>
<HasCtrl>0</HasCtrl>
</RtlPorts>
<RtlPorts>
<name>s_axi_AXILiteS_ARADDR</name>
<Object>AXILiteS</Object>
<Type>pointer</Type>
<Scope></Scope>
<IOProtocol>s_axi</IOProtocol>
<IOConfig></IOConfig>
<Dir>in</Dir>
<Bits>6</Bits>
<Attribute>unknown</Attribute>
<CType>int</CType>
<HasCtrl>0</HasCtrl>
</RtlPorts>
<RtlPorts>
<name>s_axi_AXILiteS_RVALID</name>
<Object>AXILiteS</Object>
<Type>pointer</Type>
<Scope></Scope>
<IOProtocol>s_axi</IOProtocol>
<IOConfig></IOConfig>
<Dir>out</Dir>
<Bits>1</Bits>
<Attribute>unknown</Attribute>
<CType>int</CType>
<HasCtrl>0</HasCtrl>
</RtlPorts>
<RtlPorts>
<name>s_axi_AXILiteS_RREADY</name>
<Object>AXILiteS</Object>
<Type>pointer</Type>
<Scope></Scope>
<IOProtocol>s_axi</IOProtocol>
<IOConfig></IOConfig>
<Dir>in</Dir>
<Bits>1</Bits>
<Attribute>unknown</Attribute>
<CType>int</CType>
<HasCtrl>0</HasCtrl>
</RtlPorts>
<RtlPorts>
<name>s_axi_AXILiteS_RDATA</name>
<Object>AXILiteS</Object>
<Type>pointer</Type>
<Scope></Scope>
<IOProtocol>s_axi</IOProtocol>
<IOConfig></IOConfig>
<Dir>out</Dir>
<Bits>32</Bits>
<Attribute>unknown</Attribute>
<CType>int</CType>
<HasCtrl>0</HasCtrl>
</RtlPorts>
<RtlPorts>
<name>s_axi_AXILiteS_RRESP</name>
<Object>AXILiteS</Object>
<Type>pointer</Type>
<Scope></Scope>
<IOProtocol>s_axi</IOProtocol>
<IOConfig></IOConfig>
<Dir>out</Dir>
<Bits>2</Bits>
<Attribute>unknown</Attribute>
<CType>int</CType>
<HasCtrl>0</HasCtrl>
</RtlPorts>
<RtlPorts>
<name>s_axi_AXILiteS_BVALID</name>
<Object>AXILiteS</Object>
<Type>pointer</Type>
<Scope></Scope>
<IOProtocol>s_axi</IOProtocol>
<IOConfig></IOConfig>
<Dir>out</Dir>
<Bits>1</Bits>
<Attribute>unknown</Attribute>
<CType>int</CType>
<HasCtrl>0</HasCtrl>
</RtlPorts>
<RtlPorts>
<name>s_axi_AXILiteS_BREADY</name>
<Object>AXILiteS</Object>
<Type>pointer</Type>
<Scope></Scope>
<IOProtocol>s_axi</IOProtocol>
<IOConfig></IOConfig>
<Dir>in</Dir>
<Bits>1</Bits>
<Attribute>unknown</Attribute>
<CType>int</CType>
<HasCtrl>0</HasCtrl>
</RtlPorts>
<RtlPorts>
<name>s_axi_AXILiteS_BRESP</name>
<Object>AXILiteS</Object>
<Type>pointer</Type>
<Scope></Scope>
<IOProtocol>s_axi</IOProtocol>
<IOConfig></IOConfig>
<Dir>out</Dir>
<Bits>2</Bits>
<Attribute>unknown</Attribute>
<CType>int</CType>
<HasCtrl>0</HasCtrl>
</RtlPorts>
<RtlPorts>
<name>ap_clk</name>
<Object>add</Object>
<Type>return value</Type>
<Scope></Scope>
<IOProtocol>ap_ctrl_none</IOProtocol>
<IOConfig></IOConfig>
<Dir>in</Dir>
<Bits>1</Bits>
<Attribute>control</Attribute>
</RtlPorts>
<RtlPorts>
<name>ap_rst_n</name>
<Object>add</Object>
<Type>return value</Type>
<Scope></Scope>
<IOProtocol>ap_ctrl_none</IOProtocol>
<IOConfig></IOConfig>
<Dir>in</Dir>
<Bits>1</Bits>
<Attribute>control</Attribute>
</RtlPorts>
</InterfaceSummary>
</Module>
</ModuleInformation>

</profile>
