<stg><name>add</name>


<trans_list>
</trans_list>



<state_list>

<state id="1" st_id="1">

<operation id="2" st_id="1" stage="1" lat="1">
<core>NULL</core>
<MemPortIdVec></MemPortIdVec>
<condition id="-1">
<or_exp><and_exp></and_exp></or_exp>
</condition>

<Node id="4" bw="0" op_0_bw="0" op_1_bw="32">
<![CDATA[
:0  call void (...)* @_ssdm_op_SpecBitsMap(i32 %a) nounwind, !map !7

]]></Node>
<StgValue><ssdm name="specbitsmap_ln0"/></StgValue>
</operation>

<operation id="3" st_id="1" stage="1" lat="1">
<core>NULL</core>
<MemPortIdVec></MemPortIdVec>
<condition id="-1">
<or_exp><and_exp></and_exp></or_exp>
</condition>

<Node id="5" bw="0" op_0_bw="0" op_1_bw="32">
<![CDATA[
:1  call void (...)* @_ssdm_op_SpecBitsMap(i32 %b) nounwind, !map !13

]]></Node>
<StgValue><ssdm name="specbitsmap_ln0"/></StgValue>
</operation>

<operation id="4" st_id="1" stage="1" lat="1">
<core>NULL</core>
<MemPortIdVec></MemPortIdVec>
<condition id="-1">
<or_exp><and_exp></and_exp></or_exp>
</condition>

<Node id="6" bw="0" op_0_bw="0" op_1_bw="32">
<![CDATA[
:2  call void (...)* @_ssdm_op_SpecBitsMap(i32* %c) nounwind, !map !17

]]></Node>
<StgValue><ssdm name="specbitsmap_ln0"/></StgValue>
</operation>

<operation id="5" st_id="1" stage="1" lat="1">
<core>NULL</core>
<MemPortIdVec></MemPortIdVec>
<condition id="-1">
<or_exp><and_exp></and_exp></or_exp>
</condition>

<Node id="7" bw="0" op_0_bw="0" op_1_bw="0">
<![CDATA[
:3  call void (...)* @_ssdm_op_SpecTopModule([4 x i8]* @add_str) nounwind

]]></Node>
<StgValue><ssdm name="spectopmodule_ln0"/></StgValue>
</operation>

<operation id="6" st_id="1" stage="1" lat="1">
<core>s_axilite</core>
<MemPortIdVec></MemPortIdVec>
<condition id="-1">
<or_exp><and_exp></and_exp></or_exp>
</condition>

<Node id="8" bw="32" op_0_bw="32" op_1_bw="32">
<![CDATA[
:4  %b_read = call i32 @_ssdm_op_Read.s_axilite.i32(i32 %b) nounwind

]]></Node>
<StgValue><ssdm name="b_read"/></StgValue>
</operation>

<operation id="7" st_id="1" stage="1" lat="1">
<core>s_axilite</core>
<MemPortIdVec></MemPortIdVec>
<condition id="-1">
<or_exp><and_exp></and_exp></or_exp>
</condition>

<Node id="9" bw="32" op_0_bw="32" op_1_bw="32">
<![CDATA[
:5  %a_read = call i32 @_ssdm_op_Read.s_axilite.i32(i32 %a) nounwind

]]></Node>
<StgValue><ssdm name="a_read"/></StgValue>
</operation>

<operation id="8" st_id="1" stage="1" lat="1">
<core>NULL</core>
<MemPortIdVec></MemPortIdVec>
<condition id="-1">
<or_exp><and_exp></and_exp></or_exp>
</condition>

<Node id="10" bw="0" op_0_bw="0" op_1_bw="32" op_2_bw="0" op_3_bw="32" op_4_bw="32" op_5_bw="0" op_6_bw="32" op_7_bw="32" op_8_bw="0" op_9_bw="0" op_10_bw="0" op_11_bw="32" op_12_bw="32" op_13_bw="32" op_14_bw="32" op_15_bw="0" op_16_bw="0">
<![CDATA[
:6  call void (...)* @_ssdm_op_SpecInterface(i32 0, [13 x i8]* @p_str, i32 0, i32 0, [1 x i8]* @p_str1, i32 0, i32 0, [1 x i8]* @p_str1, [1 x i8]* @p_str1, [1 x i8]* @p_str1, i32 0, i32 0, i32 0, i32 0, [1 x i8]* @p_str1, [1 x i8]* @p_str1) nounwind

]]></Node>
<StgValue><ssdm name="specinterface_ln3"/></StgValue>
</operation>

<operation id="9" st_id="1" stage="1" lat="1">
<core>NULL</core>
<MemPortIdVec></MemPortIdVec>
<condition id="-1">
<or_exp><and_exp></and_exp></or_exp>
</condition>

<Node id="11" bw="0" op_0_bw="0" op_1_bw="32" op_2_bw="0" op_3_bw="32" op_4_bw="32" op_5_bw="0" op_6_bw="32" op_7_bw="32" op_8_bw="0" op_9_bw="0" op_10_bw="0" op_11_bw="32" op_12_bw="32" op_13_bw="32" op_14_bw="32" op_15_bw="0" op_16_bw="0">
<![CDATA[
:7  call void (...)* @_ssdm_op_SpecInterface(i32 %a, [10 x i8]* @p_str2, i32 0, i32 0, [1 x i8]* @p_str1, i32 0, i32 0, [1 x i8]* @p_str1, [1 x i8]* @p_str1, [1 x i8]* @p_str1, i32 0, i32 0, i32 0, i32 0, [1 x i8]* @p_str1, [1 x i8]* @p_str1) nounwind

]]></Node>
<StgValue><ssdm name="specinterface_ln4"/></StgValue>
</operation>

<operation id="10" st_id="1" stage="1" lat="1">
<core>NULL</core>
<MemPortIdVec></MemPortIdVec>
<condition id="-1">
<or_exp><and_exp></and_exp></or_exp>
</condition>

<Node id="12" bw="0" op_0_bw="0" op_1_bw="32" op_2_bw="0" op_3_bw="32" op_4_bw="32" op_5_bw="0" op_6_bw="32" op_7_bw="32" op_8_bw="0" op_9_bw="0" op_10_bw="0" op_11_bw="32" op_12_bw="32" op_13_bw="32" op_14_bw="32" op_15_bw="0" op_16_bw="0">
<![CDATA[
:8  call void (...)* @_ssdm_op_SpecInterface(i32 %b, [10 x i8]* @p_str2, i32 0, i32 0, [1 x i8]* @p_str1, i32 0, i32 0, [1 x i8]* @p_str1, [1 x i8]* @p_str1, [1 x i8]* @p_str1, i32 0, i32 0, i32 0, i32 0, [1 x i8]* @p_str1, [1 x i8]* @p_str1) nounwind

]]></Node>
<StgValue><ssdm name="specinterface_ln5"/></StgValue>
</operation>

<operation id="11" st_id="1" stage="1" lat="1">
<core>NULL</core>
<MemPortIdVec></MemPortIdVec>
<condition id="-1">
<or_exp><and_exp></and_exp></or_exp>
</condition>

<Node id="13" bw="0" op_0_bw="0" op_1_bw="32" op_2_bw="0" op_3_bw="32" op_4_bw="32" op_5_bw="0" op_6_bw="32" op_7_bw="32" op_8_bw="0" op_9_bw="0" op_10_bw="0" op_11_bw="32" op_12_bw="32" op_13_bw="32" op_14_bw="32" op_15_bw="0" op_16_bw="0">
<![CDATA[
:9  call void (...)* @_ssdm_op_SpecInterface(i32* %c, [10 x i8]* @p_str2, i32 0, i32 0, [1 x i8]* @p_str1, i32 0, i32 0, [1 x i8]* @p_str1, [1 x i8]* @p_str1, [1 x i8]* @p_str1, i32 0, i32 0, i32 0, i32 0, [1 x i8]* @p_str1, [1 x i8]* @p_str1) nounwind

]]></Node>
<StgValue><ssdm name="specinterface_ln6"/></StgValue>
</operation>

<operation id="12" st_id="1" stage="1" lat="1">
<core>AddSub</core>
<MemPortIdVec></MemPortIdVec>
<condition id="-1">
<or_exp><and_exp></and_exp></or_exp>
</condition>

<Node id="14" bw="32" op_0_bw="32" op_1_bw="32">
<![CDATA[
:10  %add_ln7 = add nsw i32 %b_read, %a_read

]]></Node>
<StgValue><ssdm name="add_ln7"/></StgValue>
</operation>

<operation id="13" st_id="1" stage="1" lat="1">
<core>s_axilite</core>
<MemPortIdVec></MemPortIdVec>
<condition id="-1">
<or_exp><and_exp></and_exp></or_exp>
</condition>

<Node id="15" bw="0" op_0_bw="0" op_1_bw="32" op_2_bw="32">
<![CDATA[
:11  call void @_ssdm_op_Write.s_axilite.i32P(i32* %c, i32 %add_ln7) nounwind

]]></Node>
<StgValue><ssdm name="write_ln7"/></StgValue>
</operation>

<operation id="14" st_id="1" stage="1" lat="1">
<core>NULL</core>
<MemPortIdVec></MemPortIdVec>
<condition id="-1">
<or_exp><and_exp></and_exp></or_exp>
</condition>

<Node id="16" bw="0">
<![CDATA[
:12  ret void

]]></Node>
<StgValue><ssdm name="ret_ln8"/></StgValue>
</operation>
</state>
</state_list>


<ports>
<port id="15" name="a" dir="0" iftype="0">
<core>NULL</core><StgValue><ssdm name="a"/></StgValue>
</port>
<port id="16" name="b" dir="0" iftype="0">
<core>NULL</core><StgValue><ssdm name="b"/></StgValue>
</port>
<port id="17" name="c" dir="1" iftype="0">
<core>NULL</core><StgValue><ssdm name="c"/></StgValue>
</port>
</ports>


<dataflows>
<dataflow id="19" from="_ssdm_op_SpecBitsMap" to="specbitsmap_ln0" fromId="18" toId="2">
</dataflow>
<dataflow id="20" from="a" to="specbitsmap_ln0" fromId="15" toId="2">
</dataflow>
<dataflow id="21" from="_ssdm_op_SpecBitsMap" to="specbitsmap_ln0" fromId="18" toId="3">
</dataflow>
<dataflow id="22" from="b" to="specbitsmap_ln0" fromId="16" toId="3">
</dataflow>
<dataflow id="23" from="_ssdm_op_SpecBitsMap" to="specbitsmap_ln0" fromId="18" toId="4">
</dataflow>
<dataflow id="24" from="c" to="specbitsmap_ln0" fromId="17" toId="4">
</dataflow>
<dataflow id="26" from="_ssdm_op_SpecTopModule" to="spectopmodule_ln0" fromId="25" toId="5">
</dataflow>
<dataflow id="28" from="add_str" to="spectopmodule_ln0" fromId="27" toId="5">
</dataflow>
<dataflow id="30" from="_ssdm_op_Read.s_axilite.i32" to="b_read" fromId="29" toId="6">
</dataflow>
<dataflow id="31" from="b" to="b_read" fromId="16" toId="6">
</dataflow>
<dataflow id="32" from="_ssdm_op_Read.s_axilite.i32" to="a_read" fromId="29" toId="7">
</dataflow>
<dataflow id="33" from="a" to="a_read" fromId="15" toId="7">
</dataflow>
<dataflow id="35" from="_ssdm_op_SpecInterface" to="specinterface_ln3" fromId="34" toId="8">
</dataflow>
<dataflow id="37" from="StgValue_36" to="specinterface_ln3" fromId="36" toId="8">
</dataflow>
<dataflow id="39" from="p_str" to="specinterface_ln3" fromId="38" toId="8">
</dataflow>
<dataflow id="40" from="StgValue_36" to="specinterface_ln3" fromId="36" toId="8">
</dataflow>
<dataflow id="41" from="StgValue_36" to="specinterface_ln3" fromId="36" toId="8">
</dataflow>
<dataflow id="43" from="p_str1" to="specinterface_ln3" fromId="42" toId="8">
</dataflow>
<dataflow id="44" from="StgValue_36" to="specinterface_ln3" fromId="36" toId="8">
</dataflow>
<dataflow id="45" from="StgValue_36" to="specinterface_ln3" fromId="36" toId="8">
</dataflow>
<dataflow id="46" from="p_str1" to="specinterface_ln3" fromId="42" toId="8">
</dataflow>
<dataflow id="47" from="p_str1" to="specinterface_ln3" fromId="42" toId="8">
</dataflow>
<dataflow id="48" from="p_str1" to="specinterface_ln3" fromId="42" toId="8">
</dataflow>
<dataflow id="49" from="StgValue_36" to="specinterface_ln3" fromId="36" toId="8">
</dataflow>
<dataflow id="50" from="StgValue_36" to="specinterface_ln3" fromId="36" toId="8">
</dataflow>
<dataflow id="51" from="StgValue_36" to="specinterface_ln3" fromId="36" toId="8">
</dataflow>
<dataflow id="52" from="StgValue_36" to="specinterface_ln3" fromId="36" toId="8">
</dataflow>
<dataflow id="53" from="p_str1" to="specinterface_ln3" fromId="42" toId="8">
</dataflow>
<dataflow id="54" from="p_str1" to="specinterface_ln3" fromId="42" toId="8">
</dataflow>
<dataflow id="55" from="_ssdm_op_SpecInterface" to="specinterface_ln4" fromId="34" toId="9">
</dataflow>
<dataflow id="56" from="a" to="specinterface_ln4" fromId="15" toId="9">
</dataflow>
<dataflow id="58" from="p_str2" to="specinterface_ln4" fromId="57" toId="9">
</dataflow>
<dataflow id="59" from="StgValue_36" to="specinterface_ln4" fromId="36" toId="9">
</dataflow>
<dataflow id="60" from="StgValue_36" to="specinterface_ln4" fromId="36" toId="9">
</dataflow>
<dataflow id="61" from="p_str1" to="specinterface_ln4" fromId="42" toId="9">
</dataflow>
<dataflow id="62" from="StgValue_36" to="specinterface_ln4" fromId="36" toId="9">
</dataflow>
<dataflow id="63" from="StgValue_36" to="specinterface_ln4" fromId="36" toId="9">
</dataflow>
<dataflow id="64" from="p_str1" to="specinterface_ln4" fromId="42" toId="9">
</dataflow>
<dataflow id="65" from="p_str1" to="specinterface_ln4" fromId="42" toId="9">
</dataflow>
<dataflow id="66" from="p_str1" to="specinterface_ln4" fromId="42" toId="9">
</dataflow>
<dataflow id="67" from="StgValue_36" to="specinterface_ln4" fromId="36" toId="9">
</dataflow>
<dataflow id="68" from="StgValue_36" to="specinterface_ln4" fromId="36" toId="9">
</dataflow>
<dataflow id="69" from="StgValue_36" to="specinterface_ln4" fromId="36" toId="9">
</dataflow>
<dataflow id="70" from="StgValue_36" to="specinterface_ln4" fromId="36" toId="9">
</dataflow>
<dataflow id="71" from="p_str1" to="specinterface_ln4" fromId="42" toId="9">
</dataflow>
<dataflow id="72" from="p_str1" to="specinterface_ln4" fromId="42" toId="9">
</dataflow>
<dataflow id="73" from="_ssdm_op_SpecInterface" to="specinterface_ln5" fromId="34" toId="10">
</dataflow>
<dataflow id="74" from="b" to="specinterface_ln5" fromId="16" toId="10">
</dataflow>
<dataflow id="75" from="p_str2" to="specinterface_ln5" fromId="57" toId="10">
</dataflow>
<dataflow id="76" from="StgValue_36" to="specinterface_ln5" fromId="36" toId="10">
</dataflow>
<dataflow id="77" from="StgValue_36" to="specinterface_ln5" fromId="36" toId="10">
</dataflow>
<dataflow id="78" from="p_str1" to="specinterface_ln5" fromId="42" toId="10">
</dataflow>
<dataflow id="79" from="StgValue_36" to="specinterface_ln5" fromId="36" toId="10">
</dataflow>
<dataflow id="80" from="StgValue_36" to="specinterface_ln5" fromId="36" toId="10">
</dataflow>
<dataflow id="81" from="p_str1" to="specinterface_ln5" fromId="42" toId="10">
</dataflow>
<dataflow id="82" from="p_str1" to="specinterface_ln5" fromId="42" toId="10">
</dataflow>
<dataflow id="83" from="p_str1" to="specinterface_ln5" fromId="42" toId="10">
</dataflow>
<dataflow id="84" from="StgValue_36" to="specinterface_ln5" fromId="36" toId="10">
</dataflow>
<dataflow id="85" from="StgValue_36" to="specinterface_ln5" fromId="36" toId="10">
</dataflow>
<dataflow id="86" from="StgValue_36" to="specinterface_ln5" fromId="36" toId="10">
</dataflow>
<dataflow id="87" from="StgValue_36" to="specinterface_ln5" fromId="36" toId="10">
</dataflow>
<dataflow id="88" from="p_str1" to="specinterface_ln5" fromId="42" toId="10">
</dataflow>
<dataflow id="89" from="p_str1" to="specinterface_ln5" fromId="42" toId="10">
</dataflow>
<dataflow id="90" from="_ssdm_op_SpecInterface" to="specinterface_ln6" fromId="34" toId="11">
</dataflow>
<dataflow id="91" from="c" to="specinterface_ln6" fromId="17" toId="11">
</dataflow>
<dataflow id="92" from="p_str2" to="specinterface_ln6" fromId="57" toId="11">
</dataflow>
<dataflow id="93" from="StgValue_36" to="specinterface_ln6" fromId="36" toId="11">
</dataflow>
<dataflow id="94" from="StgValue_36" to="specinterface_ln6" fromId="36" toId="11">
</dataflow>
<dataflow id="95" from="p_str1" to="specinterface_ln6" fromId="42" toId="11">
</dataflow>
<dataflow id="96" from="StgValue_36" to="specinterface_ln6" fromId="36" toId="11">
</dataflow>
<dataflow id="97" from="StgValue_36" to="specinterface_ln6" fromId="36" toId="11">
</dataflow>
<dataflow id="98" from="p_str1" to="specinterface_ln6" fromId="42" toId="11">
</dataflow>
<dataflow id="99" from="p_str1" to="specinterface_ln6" fromId="42" toId="11">
</dataflow>
<dataflow id="100" from="p_str1" to="specinterface_ln6" fromId="42" toId="11">
</dataflow>
<dataflow id="101" from="StgValue_36" to="specinterface_ln6" fromId="36" toId="11">
</dataflow>
<dataflow id="102" from="StgValue_36" to="specinterface_ln6" fromId="36" toId="11">
</dataflow>
<dataflow id="103" from="StgValue_36" to="specinterface_ln6" fromId="36" toId="11">
</dataflow>
<dataflow id="104" from="StgValue_36" to="specinterface_ln6" fromId="36" toId="11">
</dataflow>
<dataflow id="105" from="p_str1" to="specinterface_ln6" fromId="42" toId="11">
</dataflow>
<dataflow id="106" from="p_str1" to="specinterface_ln6" fromId="42" toId="11">
</dataflow>
<dataflow id="107" from="b_read" to="add_ln7" fromId="6" toId="12">
</dataflow>
<dataflow id="108" from="a_read" to="add_ln7" fromId="7" toId="12">
</dataflow>
<dataflow id="110" from="_ssdm_op_Write.s_axilite.i32P" to="write_ln7" fromId="109" toId="13">
</dataflow>
<dataflow id="111" from="c" to="write_ln7" fromId="17" toId="13">
</dataflow>
<dataflow id="112" from="add_ln7" to="write_ln7" fromId="12" toId="13">
</dataflow>
</dataflows>


</stg>
