<?xml version="1.0"?>
<Runs Version="1" Minor="0">
	<Run Id="add_pynq_add_0_0_synth_1" LaunchDir="D:/lab/add_pynq/add_vivado/add_vivado.runs/add_pynq_add_0_0_synth_1" FlowId="Vivado_Synthesis" FromStepId="vivado" ToStepId="vivado"/>
	<Run Id="add_pynq_rst_ps7_0_100M_0_synth_1" LaunchDir="D:/lab/add_pynq/add_vivado/add_vivado.runs/add_pynq_rst_ps7_0_100M_0_synth_1" FlowId="Vivado_Synthesis" FromStepId="vivado" ToStepId="vivado"/>
	<Run Id="add_pynq_processing_system7_0_0_synth_1" LaunchDir="D:/lab/add_pynq/add_vivado/add_vivado.runs/add_pynq_processing_system7_0_0_synth_1" FlowId="Vivado_Synthesis" FromStepId="vivado" ToStepId="vivado"/>
	<Run Id="add_pynq_auto_pc_0_synth_1" LaunchDir="D:/lab/add_pynq/add_vivado/add_vivado.runs/add_pynq_auto_pc_0_synth_1" FlowId="Vivado_Synthesis" FromStepId="vivado" ToStepId="vivado"/>
	<Run Id="synth_1" LaunchDir="D:/lab/add_pynq/add_vivado/add_vivado.runs/synth_1" FlowId="Vivado_Synthesis" FromStepId="vivado" ToStepId="vivado">
		<Parent Id="add_pynq_add_0_0_synth_1"/>
		<Parent Id="add_pynq_rst_ps7_0_100M_0_synth_1"/>
		<Parent Id="add_pynq_processing_system7_0_0_synth_1"/>
		<Parent Id="add_pynq_auto_pc_0_synth_1"/>
	</Run>
	<Run Id="impl_1" LaunchDir="D:/lab/add_pynq/add_vivado/add_vivado.runs/impl_1" FlowId="Vivado_Implementation" FromStepId="init_design" ToStepId="write_bitstream">
		<Parent Id="synth_1"/>
		<Parent Id="add_pynq_add_0_0_synth_1"/>
		<Parent Id="add_pynq_rst_ps7_0_100M_0_synth_1"/>
		<Parent Id="add_pynq_processing_system7_0_0_synth_1"/>
		<Parent Id="add_pynq_auto_pc_0_synth_1"/>
	</Run>
	<Parameters>
		<Parameter Name="runs.monitorLSFJobs" Val="true" Type="bool"/>
	</Parameters>
</Runs>

