{
  "Top": "admul",
  "RtlTop": "admul",
  "RtlPrefix": "",
  "SourceLanguage": "cpp",
  "ResetStyle": "control",
  "GenerateBdFiles": "0",
  "HostMachineBits": "64",
  "Target": {
    "Family": "zynq",
    "Device": "xc7z020",
    "Package": "-clg400",
    "Speed": "-1"
  },
  "HlsSolution": {
    
  },
  "Args": {
    "a": {
      "index": "0",
      "type": {
        "dataType": "int",
        "dataWidth": "32",
        "interfaceRef": "s_axi_AXILiteS",
        "registerRefs": ["a"]
      }
    },
    "b": {
      "index": "1",
      "type": {
        "dataType": "int",
        "dataWidth": "32",
        "interfaceRef": "s_axi_AXILiteS",
        "registerRefs": ["b"]
      }
    },
    "c": {
      "index": "2",
      "type": {
        "dataType": "int",
        "dataWidth": "32",
        "interfaceRef": "s_axi_AXILiteS",
        "registerRefs": ["c"]
      }
    },
    "m": {
      "index": "3",
      "type": {
        "dataType": "int",
        "dataWidth": "32",
        "interfaceRef": "s_axi_AXILiteS",
        "registerRefs": ["m"]
      }
    }
  },
  "Return": {
    
  },
  "ClockInfo": {
    "ClockName": "ap_clk",
    "ClockPeriod": "10",
    "IsCombLogic": "0",
    "II": "x",
    "Latency": "2",
    "Uncertainty": "1.25"
  },
  "Xdc": {"OocClocks": ["create_clock -name ap_clk -period 10.000 [get_ports ap_clk]"]},
  "Ipx": {
    "Vendor": "xilinx.com",
    "Library": "hls",
    "Name": "admul",
    "Version": "1.0",
    "DisplayName": "Admul",
    "Revision": "",
    "Description": "An IP generated by Vivado HLS",
    "Taxonomy": "\/VIVADO_HLS_IP",
    "AutoFamilySupport": ""
  },
  "Files": {
    "CSource": ["..\/addmul.cpp"],
    "Vhdl": [
      "impl\/vhdl\/admul_AXILiteS_s_axi.vhd",
      "impl\/vhdl\/admul.vhd"
    ],
    "Verilog": [
      "impl\/verilog\/admul_AXILiteS_s_axi.v",
      "impl\/verilog\/admul.v"
    ],
    "SwDriver": [
      "impl\/misc\/drivers\/admul_v1_0\/data\/admul.mdd",
      "impl\/misc\/drivers\/admul_v1_0\/data\/admul.tcl",
      "impl\/misc\/drivers\/admul_v1_0\/src\/Makefile",
      "impl\/misc\/drivers\/admul_v1_0\/src\/xadmul.c",
      "impl\/misc\/drivers\/admul_v1_0\/src\/xadmul.h",
      "impl\/misc\/drivers\/admul_v1_0\/src\/xadmul_hw.h",
      "impl\/misc\/drivers\/admul_v1_0\/src\/xadmul_linux.c",
      "impl\/misc\/drivers\/admul_v1_0\/src\/xadmul_sinit.c"
    ],
    "Misc": ["impl\/misc\/logo.png"],
    "DesignXml": "D:\/lab\/addmul\/addmul\/solution1\/.autopilot\/db\/admul.design.xml",
    "DebugDir": "D:\/lab\/addmul\/addmul\/solution1\/.debug",
    "ProtoInst": ["D:\/lab\/addmul\/addmul\/solution1\/.debug\/admul.protoinst"]
  },
  "SubcoreInfo": {
    "HasXpmMemory": false,
    "HasClockedDsp": false,
    "IP": []
  },
  "Interfaces": {
    "ap_clk": {
      "type": "clock",
      "ctype": {"CLK": {"Type": "bool"}},
      "bundle_name": "ap_clk",
      "bundle_role": "default",
      "buses": "s_axi_AXILiteS",
      "reset": "ap_rst_n"
    },
    "ap_rst_n": {
      "type": "reset",
      "polarity": "ACTIVE_LOW",
      "ctype": {"RST": {"Type": "bool"}},
      "bundle_name": "ap_rst_n",
      "bundle_role": "default"
    },
    "s_axi_AXILiteS": {
      "type": "axi4lite",
      "is_adaptor": "true",
      "mode": "slave",
      "port_prefix": "s_axi_AXILiteS",
      "param_prefix": "C_S_AXI_AXILITES",
      "addr_bits": "6",
      "registers": [
        {
          "offset": "0x10",
          "name": "a",
          "access": "W",
          "reset_value": "0x0",
          "description": "Data signal of a",
          "fields": [{
              "offset": "0",
              "width": "32",
              "name": "a",
              "access": "W",
              "reset_value": "0",
              "description": "Bit 31 to 0 Data signal of a"
            }]
        },
        {
          "offset": "0x18",
          "name": "b",
          "access": "W",
          "reset_value": "0x0",
          "description": "Data signal of b",
          "fields": [{
              "offset": "0",
              "width": "32",
              "name": "b",
              "access": "W",
              "reset_value": "0",
              "description": "Bit 31 to 0 Data signal of b"
            }]
        },
        {
          "offset": "0x20",
          "name": "c",
          "access": "R",
          "reset_value": "0x0",
          "description": "Data signal of c",
          "fields": [{
              "offset": "0",
              "width": "32",
              "name": "c",
              "access": "R",
              "reset_value": "0",
              "description": "Bit 31 to 0 Data signal of c"
            }]
        },
        {
          "offset": "0x24",
          "name": "c_ctrl",
          "access": "R",
          "reset_value": "0x0",
          "description": "Control signal of c",
          "fields": [
            {
              "offset": "0",
              "width": "1",
              "name": "c_ap_vld",
              "access": "R",
              "reset_value": "0",
              "description": "Control signal c_ap_vld"
            },
            {
              "offset": "1",
              "width": "31",
              "name": "RESERVED",
              "access": "R",
              "reset_value": "0",
              "description": "Reserved.  0s on read."
            }
          ]
        },
        {
          "offset": "0x28",
          "name": "m",
          "access": "R",
          "reset_value": "0x0",
          "description": "Data signal of m",
          "fields": [{
              "offset": "0",
              "width": "32",
              "name": "m",
              "access": "R",
              "reset_value": "0",
              "description": "Bit 31 to 0 Data signal of m"
            }]
        },
        {
          "offset": "0x2c",
          "name": "m_ctrl",
          "access": "R",
          "reset_value": "0x0",
          "description": "Control signal of m",
          "fields": [
            {
              "offset": "0",
              "width": "1",
              "name": "m_ap_vld",
              "access": "R",
              "reset_value": "0",
              "description": "Control signal m_ap_vld"
            },
            {
              "offset": "1",
              "width": "31",
              "name": "RESERVED",
              "access": "R",
              "reset_value": "0",
              "description": "Reserved.  0s on read."
            }
          ]
        }
      ],
      "ctype": {
        "AWVALID": {"Type": "bool"},
        "AWREADY": {"Type": "bool"},
        "WVALID": {"Type": "bool"},
        "WREADY": {"Type": "bool"},
        "BVALID": {"Type": "bool"},
        "BREADY": {"Type": "bool"},
        "BRESP": {
          "Type": "integer unsigned",
          "Width": "2"
        },
        "ARVALID": {"Type": "bool"},
        "ARREADY": {"Type": "bool"},
        "RVALID": {"Type": "bool"},
        "RREADY": {"Type": "bool"},
        "RRESP": {
          "Type": "integer unsigned",
          "Width": "2"
        },
        "AWADDR": {
          "Type": "integer unsigned",
          "Width": "6"
        },
        "WDATA": {
          "Type": "integer signed",
          "Width": "32"
        },
        "WSTRB": {
          "Type": "integer unsigned",
          "Width": "4"
        },
        "ARADDR": {
          "Type": "integer unsigned",
          "Width": "6"
        },
        "RDATA": {
          "Type": "integer signed",
          "Width": "32"
        }
      },
      "data_width": "32",
      "port_width": {
        "ARADDR": "6",
        "AWADDR": "6",
        "RDATA": "32",
        "WDATA": "32",
        "WSTRB": "4"
      }
    }
  },
  "RtlPorts": {
    "s_axi_AXILiteS_AWVALID": {
      "dir": "in",
      "width": "1"
    },
    "s_axi_AXILiteS_AWREADY": {
      "dir": "out",
      "width": "1"
    },
    "s_axi_AXILiteS_AWADDR": {
      "dir": "in",
      "width": "6"
    },
    "s_axi_AXILiteS_WVALID": {
      "dir": "in",
      "width": "1"
    },
    "s_axi_AXILiteS_WREADY": {
      "dir": "out",
      "width": "1"
    },
    "s_axi_AXILiteS_WDATA": {
      "dir": "in",
      "width": "32"
    },
    "s_axi_AXILiteS_WSTRB": {
      "dir": "in",
      "width": "4"
    },
    "s_axi_AXILiteS_ARVALID": {
      "dir": "in",
      "width": "1"
    },
    "s_axi_AXILiteS_ARREADY": {
      "dir": "out",
      "width": "1"
    },
    "s_axi_AXILiteS_ARADDR": {
      "dir": "in",
      "width": "6"
    },
    "s_axi_AXILiteS_RVALID": {
      "dir": "out",
      "width": "1"
    },
    "s_axi_AXILiteS_RREADY": {
      "dir": "in",
      "width": "1"
    },
    "s_axi_AXILiteS_RDATA": {
      "dir": "out",
      "width": "32"
    },
    "s_axi_AXILiteS_RRESP": {
      "dir": "out",
      "width": "2"
    },
    "s_axi_AXILiteS_BVALID": {
      "dir": "out",
      "width": "1"
    },
    "s_axi_AXILiteS_BREADY": {
      "dir": "in",
      "width": "1"
    },
    "s_axi_AXILiteS_BRESP": {
      "dir": "out",
      "width": "2"
    },
    "ap_clk": {
      "dir": "in",
      "width": "1"
    },
    "ap_rst_n": {
      "dir": "in",
      "width": "1"
    }
  },
  "ModuleInfo": {
    "Hierarchy": {"ModuleName": "admul"},
    "Info": {"admul": {
        "FunctionProtocol": "ap_ctrl_none",
        "isTaskLevelControl": "1",
        "isPipelined": "0",
        "isCombinational": "0",
        "isOneStateSeq": "0"
      }},
    "Metrics": {"admul": {
        "Latency": {
          "LatencyBest": "2",
          "LatencyAvg": "2",
          "LatencyWorst": "2",
          "PipelineII": "3",
          "PipelineDepth": "",
          "PipelineType": "none"
        },
        "Timing": {
          "Target": "10.00",
          "Uncertainty": "1.25",
          "Estimate": "8.510"
        },
        "Area": {
          "BRAM_18K": "0",
          "DSP48E": "3",
          "FF": "313",
          "LUT": "376",
          "URAM": "0"
        }
      }}
  },
  "Sdx": {
    "Target": "none",
    "ProfileOption": "0",
    "ProfileType": "none",
    "XO": "",
    "KernelName": "admul",
    "EnableXoSwEmu": "1"
  },
  "GenData": {
    "DataVersion": "0.2",
    "Time": "2018-02-18 15:08:49 +0100",
    "ToolName": "vivado_hls",
    "ToolVersion": "2019.1"
  }
}
